product_id,product_name,placeholder_image_url,local_image_path,content_tag
27890,Mr Item,https://picsum.photos/seed/27890/300/200,fake-images/product_27890.jpg,safe
38271,Feel Item,https://picsum.photos/seed/38271/300/200,fake-images/product_38271.jpg,safe
70074,Who Item,https://picsum.photos/seed/70074/300/200,fake-images/product_70074.jpg,safe
69787,Never Item,https://picsum.photos/seed/69787/300/200,fake-images/product_69787.jpg,safe
32311,Key Item,https://picsum.photos/seed/32311/300/200,fake-images/product_32311.jpg,safe
11720,High Item,https://picsum.photos/seed/11720/300/200,fake-images/product_11720.jpg,safe
58338,Song Item,https://picsum.photos/seed/58338/300/200,fake-images/product_58338.jpg,safe
13144,Series Item,https://picsum.photos/seed/13144/300/200,fake-images/product_13144.jpg,safe
45067,Message Item,https://picsum.photos/seed/45067/300/200,fake-images/product_45067.jpg,safe
83122,Agent Item,https://picsum.photos/seed/83122/300/200,fake-images/product_83122.jpg,safe
77925,Others Item,https://picsum.photos/seed/77925/300/200,fake-images/product_77925.jpg,safe
77810,Common Item,https://picsum.photos/seed/77810/300/200,fake-images/product_77810.jpg,safe
57658,Allow Item,https://picsum.photos/seed/57658/300/200,fake-images/product_57658.jpg,safe
50129,Them Item,https://picsum.photos/seed/50129/300/200,fake-images/product_50129.jpg,safe
66855,Although Item,https://picsum.photos/seed/66855/300/200,fake-images/product_66855.jpg,safe
28000,Others Item,https://picsum.photos/seed/28000/300/200,fake-images/product_28000.jpg,safe
88877,Age Item,https://picsum.photos/seed/88877/300/200,fake-images/product_88877.jpg,safe
81834,Data Item,https://picsum.photos/seed/81834/300/200,fake-images/product_81834.jpg,safe
15799,Ask Item,https://picsum.photos/seed/15799/300/200,fake-images/product_15799.jpg,safe
54871,Case Item,https://picsum.photos/seed/54871/300/200,fake-images/product_54871.jpg,safe
24679,Reflect Item,https://picsum.photos/seed/24679/300/200,fake-images/product_24679.jpg,safe
38394,Article Item,https://picsum.photos/seed/38394/300/200,,unknown
86306,Senior Item,https://picsum.photos/seed/86306/300/200,fake-images/product_86306.jpg,safe
55063,Then Item,https://picsum.photos/seed/55063/300/200,fake-images/product_55063.jpg,safe
41344,Seat Item,https://picsum.photos/seed/41344/300/200,fake-images/product_41344.jpg,safe
67442,Agreement Item,https://picsum.photos/seed/67442/300/200,fake-images/product_67442.jpg,safe
45040,You Item,https://picsum.photos/seed/45040/300/200,fake-images/product_45040.jpg,safe
85565,Firm Item,https://picsum.photos/seed/85565/300/200,fake-images/product_85565.jpg,safe
51650,Image Item,https://picsum.photos/seed/51650/300/200,fake-images/product_51650.jpg,safe
45049,Former Item,https://picsum.photos/seed/45049/300/200,fake-images/product_45049.jpg,safe
46817,Rate Item,https://picsum.photos/seed/46817/300/200,fake-images/product_46817.jpg,safe
83563,Democrat Item,https://picsum.photos/seed/83563/300/200,fake-images/product_83563.jpg,safe
66310,Article Item,https://picsum.photos/seed/66310/300/200,fake-images/product_66310.jpg,safe
74640,Do Item,https://picsum.photos/seed/74640/300/200,fake-images/product_74640.jpg,safe
84880,Direction Item,https://picsum.photos/seed/84880/300/200,fake-images/product_84880.jpg,safe
42131,Tough Item,https://picsum.photos/seed/42131/300/200,fake-images/product_42131.jpg,safe
24239,School Item,https://picsum.photos/seed/24239/300/200,,unknown
81589,Prevent Item,https://picsum.photos/seed/81589/300/200,fake-images/product_81589.jpg,safe
60453,Read Item,https://picsum.photos/seed/60453/300/200,fake-images/product_60453.jpg,safe
47914,Meeting Item,https://picsum.photos/seed/47914/300/200,fake-images/product_47914.jpg,safe
38906,A Item,https://picsum.photos/seed/38906/300/200,fake-images/product_38906.jpg,safe
83617,Staff Item,https://picsum.photos/seed/83617/300/200,fake-images/product_83617.jpg,safe
85789,Thus Item,https://picsum.photos/seed/85789/300/200,fake-images/product_85789.jpg,safe
49008,System Item,https://picsum.photos/seed/49008/300/200,fake-images/product_49008.jpg,safe
14276,Process Item,https://picsum.photos/seed/14276/300/200,fake-images/product_14276.jpg,safe
42167,Similar Item,https://picsum.photos/seed/42167/300/200,fake-images/product_42167.jpg,safe
15118,Western Item,https://picsum.photos/seed/15118/300/200,fake-images/product_15118.jpg,safe
18296,Bit Item,https://picsum.photos/seed/18296/300/200,fake-images/product_18296.jpg,safe
92446,Either Item,https://picsum.photos/seed/92446/300/200,fake-images/product_92446.jpg,safe
15775,Less Item,https://picsum.photos/seed/15775/300/200,fake-images/product_15775.jpg,safe
